NCT Number,Study Title,Study URL,Acronym,Study Status,Brief Summary,Study Results,Conditions,Interventions,Primary Outcome Measures,Secondary Outcome Measures,Other Outcome Measures,Sponsor,Collaborators,Sex,Age,Phases,Enrollment,Funder Type,Study Type,Study Design,Other IDs,Start Date,Primary Completion Date,Completion Date,First Posted,Results First Posted,Last Update Posted,Locations,Study Documents
NCT02200614,Efficacy and Safety Study of Darolutamide (ODM-201) in Men With High-risk Non-metastatic Castration-resistant Prostate Cancer,https://clinicaltrials.gov/study/NCT02200614,ARAMIS,COMPLETED,The purpose of this study is to assess the safety and efficacy of BAY1841788 (ODM-201) in patients with non-metastatic castration-resistant prostate cancer.,YES,Prostate Cancer Non-Metastatic|Castration-Resistant,"DRUG: Darolutamide (Nubeqa, BAY1841788)|DRUG: Placebo","Metastasis-Free Survival, Metastasis-Free Survival (MFS) is defined as the time from randomisation to evidence of metastasis or death from any cause, whichever occurs first (cut-off date 15 Nov 2019), From randomization to the time approximately 385 MFS events were observed (approximately 48 months)","Overall Survival - Primary Analysis, Overall Survival (OS) was defined as the time from randomization to death due to any cause., From randomization of the first subject to the time approximatively 140 death events were observed (approximately 48 months)|Time to Pain Progression - Primary Analysis, Time to pain progression (PP) is defined as time from randomization to pain progression, where progression is defined as an increase of 2 or more points from baseline in question 3 of the Brief Pain Inventory-Short Form questionnaire (BPI-SF) related to the worst pain in the last 24 hours taken as a 7-day average for post-baseline scores, or initiation of short or long-acting opioids for pain, whichever comes first. Initiation or change in the use of other non-opioid analgesics is not used in the analysis of pain progression., From randomization until last study treatment (assessed every 4 months) (approximately 48 months)|Time to Initiation of First Cytotoxic Chemotherapy for Prostate Cancer - Primary Analysis, The time to cytotoxic chemotherapy was defined as the time from randomization to the start of the first cytotoxic chemotherapy cycle., From randomization until last study treatment (assessed every 4 months) (approximately 48 months)|Time to First Symptomatic Skeletal Event (SSE) - Primary Analysis, The time to the first SSE was defined as the time from randomization to the occurrence of the first SSE., From randomization until last study treatment (assessed every 4 months) (approximately 48 months)|Overall Survival - Final Analysis, Overall Survival (OS) was defined as the time from randomization to death due to any cause. The final analysis was done at the time of the data cut-off (15 NOV 2019)., From randomization of the first subject to the time approximatively 254 death events were observed (approximately 56 months)|Time to Pain Progression - Final Analysis, For time to pain progression, the analysis performed using the primary completion cut-off data (03 SEP 2018) was considered final and no new analysis was performed for time to pain progression., From randomization until last study treatment (assessed every 4 months) (approximately 48 months)|Time to Initiation of First Cytotoxic Chemotherapy for Prostate Cancer - Final Analysis, The time to cytotoxic chemotherapy was defined as the time from randomization to the start of the first cytotoxic chemotherapy cycle. The final analysis was done at the time of the data cut-off (15 NOV 2019)., From randomization until initiation of first cytotoxic chemotherapy treatment (approximately 59 months)|Time to First Symptomatic Skeletal Event (SSE) - Final Analysis, The time to the first SSE was defined as the time from randomization to the occurrence of the first SSE. The final analysis was done at the time of the data cut-off (15 NOV 2019)., From randomization until occurrence of first SSE event (approximately 59 months)",,Bayer,"Orion Corporation, Orion Pharma",MALE,"ADULT, OLDER_ADULT",PHASE3,1509,INDUSTRY,INTERVENTIONAL,"Allocation: RANDOMIZED|Intervention Model: PARALLEL|Masking: QUADRUPLE (PARTICIPANT, CARE_PROVIDER, INVESTIGATOR, OUTCOMES_ASSESSOR)|Primary Purpose: TREATMENT",17712|2013-003820-36,2014-09-12,2018-09-03,2021-06-14,2014-07-25,2019-10-29,2022-06-28,"Homewood, Alabama, 35209, United States|Anchorage, Alaska, 99503, United States|Tucson, Arizona, 85704, United States|Fountain Valley, California, 92708, United States|La Jolla, California, 92093, United States|Laguna Hills, California, 92653, United States|Los Angeles, California, 90048, United States|Los Angeles, California, 90073-1003, United States|San Diego, California, 92120, United States|Whittier, California, 90603, United States|Denver, Colorado, 80211, United States|Denver, Colorado, 80220, United States|Parker, Colorado, 80134, United States|Boca Raton, Florida, 33486, United States|Orlando, Florida, 32803, United States|Port Saint Lucie, Florida, 34952, United States|Coeur d'Alene, Idaho, 83814, United States|Chicago, Illinois, 60612, United States|Evanston, Illinois, 60201-1613, United States|Springfield, Illinois, 62702, United States|Greenwood, Indiana, 46143, United States|Indianapolis, Indiana, 46202, United States|Jeffersonville, Indiana, 47130, United States|West Des Moines, Iowa, 50266, United States|Wichita, Kansas, 67226, United States|New Orleans, Louisiana, 70121, United States|Annapolis, Maryland, 21401, United States|Baltimore, Maryland, 21204, United States|Salisbury, Maryland, 21801, United States|Boston, Massachusetts, 02114, United States|Grand Rapids, Michigan, 49546, United States|Royal Oak, Michigan, 48073, United States|Omaha, Nebraska, 68114, United States|Omaha, Nebraska, 68130, United States|Lebanon, New Hampshire, 03756-1000, United States|Voorhees, New Jersey, 08043, United States|Bronx, New York, 10461, United States|Bronx, New York, 10469, United States|Syracuse, New York, 13210, United States|Asheboro, North Carolina, 27203, United States|Charlotte, North Carolina, 28277, United States|Canton, Ohio, 44718, United States|Cincinnati, Ohio, 45212, United States|Cleveland, Ohio, 44195, United States|Gahanna, Ohio, 43230, United States|Middleburg Heights, Ohio, 44130, United States|Oklahoma City, Oklahoma, 73104, United States|Bala-Cynwyd, Pennsylvania, 19004, United States|Myrtle Beach, South Carolina, 29572, United States|Nashville, Tennessee, 37209, United States|Dallas, Texas, 75231, United States|Fairfax, Virginia, 22031, United States|Richmond, Virginia, 23235, United States|Virginia Beach, Virginia, 23462, United States|Wheeling, West Virginia, 26003, United States|Buenos Aires, Ciudad Auton. De Buenos Aires, C1120AAT, Argentina|Santa Fé, Santa Fe, S3000FFV, Argentina|San Miguel de Tucumán, Tucuman, T4000HXU, Argentina|Córdoba, X5000HXL, Argentina|Córdoba, X5004FHP, Argentina|Córdoba, X5016KEH, Argentina|La Rioja, F5300COE, Argentina|Randwick, New South Wales, 2031, Australia|St Leonards, New South Wales, 2065, Australia|Douglas, Queensland, 4814, Australia|South Brisbane, Queensland, 4101, Australia|Kurralta Park, South Australia, 5037, Australia|Fitzroy, Victoria, 3065, Australia|Wien, 1020, Austria|Wien, 1090, Austria|Lesnoy, 223040, Belarus|Minsk, 220013, Belarus|Bonheiden, 2820, Belgium|Kortrijk, 8500, Belgium|Libramont, 6800, Belgium|Liege, 4000, Belgium|Sint-truiden, 3800, Belgium|Salvador, Bahia, 40050-001, Brazil|Fortaleza, Ceará, 60430-230, Brazil|Goiânia, Goiás, 74605-070, Brazil|Belo Horizonte, Minas Gerais, 30150-320, Brazil|Juiz de Fora, Minas Gerais, 36010-510, Brazil|Uberlandia, Minas Gerais, 38408-150, Brazil|Curitiba, Parana, 81520-060, Brazil|Recife, Pernambuco, 50070-550, Brazil|Passo Fundo, Rio Grande Do Sul, 99010-080, Brazil|Porto Alegre, Rio Grande Do Sul, 90050 170, Brazil|Porto Alegre, Rio Grande Do Sul, 90610-000, Brazil|Itajaí, Santa Catarina, 88301-220, Brazil|Barretos, Sao Paulo, 14784-400, Brazil|Jau, Sao Paulo, 17210-080, Brazil|Ribeirao Preto - SP, Sao Paulo, 14048-900, Brazil|Sorocaba, Sao Paulo, 18035-300, Brazil|São Paulo, Sao Paulo, 01209-000, Brazil|São Paulo, Sao Paulo, 01236-030, Brazil|São Paulo, Sao Paulo, 01246-000, Brazil|São Paulo, Sao Paulo, 04014-002, Brazil|São Paulo, Sao Paulo, 04039-004, Brazil|Sofia, 1680, Bulgaria|Varna, 9000, Bulgaria|Calgary, Alberta, T2V 1P9, Canada|Halifax, Nova Scotia, B3H 2Y9, Canada|Burlington, Ontario, L7N 3V2, Canada|Hamilton, Ontario, L8N 4A6, Canada|Kingston, Ontario, K7L 3J7, Canada|London, Ontario, N6A 5W9, Canada|Toronto, Ontario, M4N 3M5, Canada|Toronto, Ontario, M5G 2M9, Canada|Granby, Quebec, J2G 8Z9, Canada|Pointe-Claire, Quebec, H9R 4S3, Canada|Medellín, Antioquia, 050034, Colombia|Montería, Córdoba, 230002, Colombia|Floridablanca, Santander, 681004, Colombia|Jablonec nad Nisou, 466 60, Czechia|Kolin, 280 00, Czechia|Olomouc, 775 20, Czechia|Opava, 746 01, Czechia|Praha 2, 120 00, Czechia|Praha 2, 128 08, Czechia|Praha 6, 160 00, Czechia|Praha 8, 180 81, Czechia|Tallinn, 13419, Estonia|Helsinki, 00290, Finland|Kuopio, 70210, Finland|Seinäjoki, 60220, Finland|Tampere, 33521, Finland|Turku, FIN-20521, Finland|Angers, 49100, France|Bayonne, 64100, France|Besancon, 25030, France|Bordeaux Cedex, 33076, France|CAEN cedex 05, 14076, France|Cergy Pontoise, 95303, France|Clermont Ferrand Cedex 1, 63011, France|Creteil, 94010, France|Dijon, 21000, France|LA ROCHE SUR YON cedex, 85925, France|Limoges Cedex, 87042, France|Montpellier Cedex, 34295, France|Montpellier Cedex, 34298, France|Nancy, 54100, France|Nantes Cedex, 44093, France|Paris, 75010, France|Paris, 75014, France|Pierre Benite, 69495, France|POITIERS cedex, 86021, France|REIMS cedex, 51726, France|Rennes Cedex, 35033, France|Rouen Cedex, 76031, France|Saint Mande, 94160, France|Strasbourg, 67000, France|Suresnes, 92151, France|Tours, 37044, France|Villejuif Cedex, 94805, France|Emmendingen, Baden-Württemberg, 79312, Germany|Kirchheim unter Teck, Baden-Württemberg, 73230, Germany|Muehlacker, Baden-Württemberg, 75417, Germany|Nürtingen, Baden-Württemberg, 72622, Germany|Reutlingen, Baden-Württemberg, 72764, Germany|Tübingen, Baden-Württemberg, 72076, Germany|Zirndorf, Bayern, 90513, Germany|Frankfurt, Hessen, 60590, Germany|Marburg, Hessen, 35039, Germany|Hagenow, Mecklenburg-Vorpommern, 19230, Germany|Herzberg Am Harz, Niedersachsen, 37412, Germany|Holzminden, Niedersachsen, 37603, Germany|Düsseldorf, Nordrhein-Westfalen, 40225, Germany|Köln, Nordrhein-Westfalen, 50937, Germany|Mühlheim, Nordrhein-Westfalen, 45468, Germany|Münster, Nordrhein-Westfalen, 48149, Germany|Wuppertal, Nordrhein-Westfalen, 42103, Germany|Mainz, Rheinland-Pfalz, 55131, Germany|Magdeburg, Sachsen-Anhalt, 39120, Germany|Dresden, Sachsen, 01307, Germany|Berlin, 12203, Germany|Hamburg, 20246, Germany|Hamburg, 22081, Germany|Budapest, 1086, Hungary|Budapest, 1145, Hungary|Budapest, 1204, Hungary|Debrecen, 4032, Hungary|Gyor, 9023, Hungary|Nyiregyhaza, 4400, Hungary|Szeged, 6725, Hungary|Szekszard, 7100, Hungary|Szolnok, 5000, Hungary|Zalaegerszeg, 8900, Hungary|Haifa, 35152, Israel|Chieti, Abruzzo, 66100, Italy|Catanzaro, Calabria, 88100, Italy|Napoli, Campania, 80131, Italy|Forlì Cesena, Emilia-Romagna, 47014, Italy|Modena, Emilia-Romagna, 41124, Italy|Parma, Emilia-Romagna, 43126, Italy|Roma, Lazio, 00144, Italy|Roma, Lazio, 00189, Italy|Torino, Piemonte, 10043, Italy|Torino, Piemonte, 10060, Italy|Lecce, Puglia, 73100, Italy|Messina, Sicilia, 98125, Italy|Palermo, Sicilia, 90127, Italy|Arezzo, Toscana, 52100, Italy|Nagoya, Aichi, 466-8560, Japan|Kashiwa, Chiba, 277-8577, Japan|Kurume, Fukuoka, 839-0863, Japan|Koriyama, Fukushima, 963-8052, Japan|Maebashi, Gunma, 371-8511, Japan|Otake, Hiroshima, 739-0696, Japan|Sapporo, Hokkaido, 060-8543, Japan|Kobe, Hyogo, 650-0047, Japan|Higashiibaraki, Ibaraki, 311-3193, Japan|Kanazawa, Ishikawa, 920-8530, Japan|Sagamihara, Kanagawa, 252-0375, Japan|Yokohama, Kanagawa, 232-0024, Japan|Yokosuka, Kanagawa, 238-8558, Japan|Sendai, Miyagi, 981-8563, Japan|Ueda, Nagano, 386-8610, Japan|Kashihara, Nara, 634-8522, Japan|Yufu, Oita, 879-5593, Japan|Osakasayama, Osaka, 589-8511, Japan|Wako, Saitama, 351-0102, Japan|Hamamatsu, Shizuoka, 431-3192, Japan|Utsunomiya, Tochigi, 321-0974, Japan|Bunkyo-ku, Tokyo, 113-8431, Japan|Bunkyo-ku, Tokyo, 113-8603, Japan|Itabashi-ku, Tokyo, 173-0015, Japan|Minato-ku, Tokyo, 105-8471, Japan|Mitaka, Tokyo, 181-8611, Japan|Nakano-ku, Tokyo, 164-8541, Japan|Shinjuku-ku, Tokyo, 160-8582, Japan|Sumida-ku, Tokyo, 130-8587, Japan|Ube, Yamaguchi, 755-8505, Japan|Chiba, 260-8717, Japan|Fukui, 910-8526, Japan|Hiroshima, 730-8518, Japan|Kyoto, 602-8566, Japan|Nagasaki, 852-8501, Japan|Nagasaki, 852-8511, Japan|Okayama, 700-8558, Japan|Osaka, 541-8567, Japan|Osaka, 545-8586, Japan|Osaka, 558-8558, Japan|Toyama, 930-0194, Japan|Cheongju, Chungcheongbugdo, 28644, Korea, Republic of|Gwangju, Gwangju Gwang''yeogsi, 61469, Korea, Republic of|Seoul, Seoul Teugbyeolsi, 03080, Korea, Republic of|Seoul, Seoul Teugbyeolsi, 06273, Korea, Republic of|Daegu, 41404, Korea, Republic of|Daegu, 42601, Korea, Republic of|Incheon, 21565, Korea, Republic of|Seoul, 03722, Korea, Republic of|Seoul, 05505, Korea, Republic of|Seoul, 06351, Korea, Republic of|Seoul, 06591, Korea, Republic of|Daugavpils, LV5401, Latvia|Jelgava, LV-3001, Latvia|Leipaja, LV-3401, Latvia|Riga, LV-1001, Latvia|Riga, LV-1002, Latvia|Riga, LV-1038, Latvia|Kaunas, LT-45434, Lithuania|Kaunas, LT-50009, Lithuania|Klaipeda, LT-92288, Lithuania|Vilnius, LT-08660, Lithuania|Vilnius, LT-08661, Lithuania|La Victoria, Arequipa, 4001, Peru|Lima, 15046, Peru|Lima, 15073, Peru|San Isidro, 15036, Peru|Elblag, 82-300, Poland|Gdansk, 80-952, Poland|Lodz, 90-302, Poland|Lublin, 20-718, Poland|Otwock, 05-400, Poland|Rzeszow, 35-021, Poland|Siedlce, 08-110, Poland|Warszawa, 02-616, Poland|Warszawa, 02-781, Poland|Warszawa, 04-125, Poland|Wroclaw, 54-144, Poland|Guimaraes, Braga, 4835-044, Portugal|Almada, Lisboa, 2801-951, Portugal|Matosinhos, Porto, 4464-513, Portugal|Braga, 4710-243, Portugal|Lisboa, 1099-023, Portugal|Lisboa, 1150-199, Portugal|Lisboa, 1400-038, Portugal|Lisboa, 1500-650, Portugal|Porto, 4200-072, Portugal|Porto, 4200-319, Portugal|Bucuresti, 22328, Romania|Bucuresti, 41345, Romania|Bucuresti, 50659, Romania|Bucuresti, 75000, Romania|Cluj-Napoca, 400015, Romania|Craiova, 200347, Romania|Craiova, 200385, Romania|Oradea, 410159, Romania|Ploiesti, 100337, Romania|Targu-Mures, 540103, Romania|Chelyabinsk, 454087, Russian Federation|Ivanovo, 153040, Russian Federation|Kazan, 420029, Russian Federation|Krasnoyarsk, 660133, Russian Federation|Moscow, 105425, Russian Federation|Moscow, 117997, Russian Federation|Moscow, 125284, Russian Federation|Moscow, 129301, Russian Federation|Nizhny Novgorod, 603006, Russian Federation|Novosibirsk, 630099, Russian Federation|Obninsk, 249036, Russian Federation|Omsk, 644013, Russian Federation|Orenburg, 460021, Russian Federation|Pyatigorsk, 357502, Russian Federation|Rostov-on-Don, 344022, Russian Federation|Saratov, 410054, Russian Federation|St. Petersburg, 191014, Russian Federation|St. Petersburg, 194017, Russian Federation|St. Petersburg, 194354, Russian Federation|St. Petersburg, 197022, Russian Federation|Tyumen, 625041, Russian Federation|Ufa, 450008, Russian Federation|Vladimir, 600009, Russian Federation|Belgrade, 11000, Serbia|Belgrade, 11080, Serbia|Nis, 18000, Serbia|Bratislava, 851 01, Slovakia|Bratislava, 851 05, Slovakia|Martin, 036 59, Slovakia|Trencin, 91101, Slovakia|George, Eastern Cape, 6530, South Africa|Port Elizabeth, Eastern Cape, 6045, South Africa|Pretoria, Gauteng, 0002, South Africa|Pretoria, Gauteng, 0083, South Africa|Paarl, Western Cape, 7646, South Africa|Rondebosch, Western Cape, 7700, South Africa|Cape Town, 7505, South Africa|Cape Town, 7925, South Africa|Elche, Alicante, 03203, Spain|Cádiz, Andalucía, 11009, Spain|L'Hospitalet de Llobregat, Barcelona, 08907, Spain|Sabadell, Barcelona, 08208, Spain|Terrassa, Barcelona, 08221, Spain|Jerez de la Frontera, Cádiz, 11407, Spain|Manacor, Illes Baleares, 07500, Spain|Palma de Mallorca, Illes Baleares, 07120, Spain|Alcorcón, Madrid, 28922, Spain|Bilbao, Vizcaya, 48013, Spain|Barcelona, 08035, Spain|Barcelona, 08036, Spain|Córdoba, 14004, Spain|Granada, 18012, Spain|Lugo, 27003, Spain|Madrid, 28007, Spain|Madrid, 28040, Spain|Madrid, 28041, Spain|Madrid, 28046, Spain|Málaga, 29010, Spain|Salamanca, 37007, Spain|Sevilla, 41009, Spain|Sevilla, 41013, Spain|Valencia, 46009, Spain|Valencia, 46015, Spain|Valencia, 46026, Spain|Göteborg, 413 45, Sweden|Stockholm, 171 76, Sweden|Uppsala, 751 85, Sweden|Örebro, 701 85, Sweden|Kaohsiung City ,, 807, Taiwan|Kaoshiung, 81362, Taiwan|Taichung, 40705, Taiwan|Taipei, 100, Taiwan|Taoyuan, 33305, Taiwan|Ankara, 06500, Turkey|Istanbul, 34724, Turkey|Izmir, 35100, Turkey|Izmir, 35340, Turkey|Manisa, 45030, Turkey|Sivas, 58140, Turkey|Chernivtsi, 58002, Ukraine|Dnipro, 49102, Ukraine|Kharkiv, 61037, Ukraine|Kryvyi Rih, 50048, Ukraine|Kyiv, 04053, Ukraine|Kyiv, 2660, Ukraine|Uzhgorod, 88014, Ukraine|Zaporozhye, 69600, Ukraine|Reading, Berkshire, RG1 5AN, United Kingdom|Llanelli, Carmarthenshire, SA14 8QF, United Kingdom|Romford, Essex, RM7 0AG, United Kingdom|Stevenage, Hertfordshire, SG1 4AB, United Kingdom|Dartford, Kent, DA2 8DA, United Kingdom|Maidstone, Kent, ME16 9QQ, United Kingdom|Preston, Lancashire, PR2 4HT, United Kingdom|Bebington, Merseyside, CH63 4JY, United Kingdom|Scunthorpe, North East Lincolnshire, DN15 7BH, United Kingdom|Bath, Somerset, BA1 3NG, United Kingdom|Stoke-on-Trent, Staffordshire, ST4 6QG, United Kingdom|Dudley, West Midlands, DY1 2HQ, United Kingdom|Huddersfield, West Yorkshire, HD3 3EA, United Kingdom|Wakefield, West Yorkshire, WF1 4DG, United Kingdom|Cardiff, CF14 4XN, United Kingdom|Glasgow, G12 0YN, United Kingdom|London, SW17 0QT, United Kingdom","Study Protocol, https://cdn.clinicaltrials.gov/large-docs/14/NCT02200614/Prot_002.pdf|Statistical Analysis Plan, https://cdn.clinicaltrials.gov/large-docs/14/NCT02200614/SAP_003.pdf"
